train_loss,val_loss
20834.398,20292.395
20708.459,20540.973
20885.404,20653.04
21098.615,20725.863
20807.19,21289.096
20771.396,20750.607
20874.723,21087.902
21137.969,20239.502
20199.898,20417.521
21086.15,20114.47
21250.621,19959.232
20684.682,20697.709
20978.012,20288.69
20842.918,20050.506
20665.438,21262.395
20711.562,21370.31
20327.521,21284.902
20999.16,21463.758
19899.547,20225.127
20389.326,20321.324
20889.945,21026.098
20073.51,20284.059
20664.387,20870.564
21019.363,20031.145
20521.28,19882.559
21348.547,21081.516
20433.82,21386.217
20353.945,19937.014
20906.494,20119.658
21187.248,20236.13
20852.402,20473.0
20739.246,20439.293
20265.512,20659.988
20662.707,20069.31
21152.156,21094.928
20732.588,21093.035
20063.15,19885.39
21228.457,20130.31
20372.896,20856.895
20584.473,20123.371
20436.504,20280.598
20926.465,20640.967
20877.059,20647.729
21068.795,20834.738
21023.951,19408.23
20455.262,20641.639
20717.145,20574.602
20858.04,20049.395
20938.467,20103.213
20356.197,19978.328
20662.139,19969.037
20328.37,19638.707
19786.773,20061.123
19273.29,20213.014
19644.129,19110.217
19581.998,18657.43
19803.91,18998.375
19041.713,18881.232
19278.496,19409.508
19998.69,18876.465
19825.53,19025.26
19122.55,19525.172
19395.105,18825.912
19144.92,19480.896
19235.008,19106.36
18900.664,19167.504
20062.334,18470.861
19378.152,18361.914
18430.615,18952.883
19926.15,18648.605
19724.781,19526.94
19546.115,18515.469
19282.707,18613.744
18833.562,19275.68
18894.826,18248.523
19702.836,19196.738
18851.451,18755.463
19058.756,19170.883
19492.709,19073.951
18988.068,18671.436
18919.117,18528.674
19429.098,18171.96
18528.336,18480.28
18096.295,19691.742
18818.748,18894.621
18816.814,19264.504
19109.857,19296.014
19036.36,18476.34
18907.64,19162.676
19589.941,19014.32
18188.86,18871.463
18418.057,18144.385
19082.656,19834.396
18905.975,18999.24
18356.375,18851.043
18867.809,18229.027
17760.557,17569.627
18302.852,18448.111
19212.992,18768.56
17890.824,17819.314
17969.34,18869.14
18037.674,18220.914
18357.102,18822.86
17977.303,17988.986
19536.441,17891.266
18919.36,17598.203
17896.295,17881.477
18741.555,17877.492
18005.035,17457.537
18823.834,18087.176
18288.514,18225.229
17408.09,18116.855
18505.18,17953.73
18309.617,18208.328
17937.357,18300.986
17505.572,18322.129
18346.586,17419.207
19502.654,19018.697
17745.266,18290.719
17712.145,18406.041
18353.258,17922.781
18774.555,18085.3
17948.205,17875.348
17727.45,17893.174
17180.24,18601.46
17684.1,18108.24
18550.947,17889.133
17752.666,18450.922
18327.16,18362.709
17877.053,18191.916
17516.615,18632.264
18628.854,17735.928
18561.996,17643.926
18856.834,17676.922
19149.707,18558.463
18019.473,18103.242
18037.666,17768.752
18760.363,18040.87
18324.15,17972.951
17382.143,16891.975
17528.047,18488.746
17788.135,17350.469
17868.33,17533.447
17678.363,18259.826
17453.7,18078.12
19398.69,18391.332
17176.51,17433.299
18397.838,17297.467
18872.484,18203.525
17321.916,17909.879
17931.088,17293.74
18754.365,18255.508
18056.215,18487.064
17630.12,17101.178
17771.182,17433.564
18021.334,17541.621
17681.906,17771.389
16957.986,18412.39
17780.113,17652.191
17813.55,16678.67
16859.6,16923.459
17520.215,16889.268
17744.895,17427.795
18533.06,17163.402
17239.785,16873.61
17971.246,17286.555
17296.506,17506.46
18066.748,18021.467
16979.94,17347.303
17119.76,17693.404
17410.25,17363.559
18279.805,17453.22
17255.535,18298.63
18135.244,16581.283
18713.479,18549.66
17054.156,18289.633
17690.398,16551.146
16730.25,17006.21
17963.623,17249.873
17655.506,18048.396
17556.676,17880.41
17318.562,17779.717
17224.998,17486.988
18303.232,17542.766
17820.252,17188.877
16646.271,17143.36
17298.793,17648.98
17915.816,17528.838
16722.305,18028.338
17612.51,17105.572
18745.557,17211.816
18304.934,17292.064
16850.785,17995.643
17951.13,17707.256
17508.145,17402.287
18396.754,17221.916
17319.152,17545.723
18278.867,17804.688
17513.006,16948.982
17664.658,17672.043
17887.203,17334.092
17918.791,18508.504
17268.693,16302.065
17684.078,16420.008
17421.031,17762.045
17339.062,17083.639
16531.287,17086.27
17528.533,16664.06
17364.156,17501.883
17117.87,17189.703
17997.182,17327.951
17531.355,16812.258
17188.707,17668.047
17648.49,17008.809
17985.947,17203.367
17896.893,17391.463
17163.965,16993.299
17321.574,17471.97
17738.96,17804.8
16782.566,17764.676
17905.756,17905.127
17205.746,16623.8
17251.742,17339.652
17464.49,17099.76
17339.205,16727.05
17169.236,17864.344
16846.83,17799.92
17075.455,17050.498
17078.031,17046.916
16910.229,17788.55
18002.09,17863.61
17073.277,17897.756
17149.55,17248.566
17094.72,16739.604
15865.628,17342.31
16055.938,17282.451
17811.562,17994.436
16941.123,17824.182
18342.906,16496.54
17275.832,17254.068
17129.057,15877.254
17916.43,16938.684
17353.88,17706.8
16967.879,17298.953
16843.064,17693.352
16918.63,17678.64
17998.195,16715.645
18080.746,17420.611
17824.826,16534.764
17305.172,17953.195
16701.572,16581.953
17712.434,16860.377
17555.145,17448.914
17554.525,17779.816
17071.312,17166.104
18815.445,17915.479
17809.3,17511.83
16987.79,17937.154
16766.705,17184.84
17767.848,17233.21
16750.523,17557.77
16708.26,16368.1
17684.174,17146.695
16883.814,16929.338
16798.035,16719.168
16776.992,17188.787
16431.31,17488.988
17073.002,17335.102
16681.357,17363.963
17660.713,16846.557
17521.682,17586.799
17649.418,17427.896
17157.814,16977.014
16268.288,16224.939
17400.107,17131.117
17971.51,16619.902
17337.658,17349.38
17614.906,17277.812
18276.393,16830.979
17330.705,17208.48
16149.378,17399.71
17153.963,17452.59
17595.133,16608.1
17323.547,17093.725
17452.047,17430.297
16572.93,16536.96
16503.29,16962.8
17501.496,16716.252
17440.832,18051.486
17050.11,16639.508
17150.498,18223.875
17368.951,17331.775
16786.72,16936.383
16936.414,17409.361
17815.094,17663.72
17049.035,16310.65
17356.861,16713.387
17489.514,17234.541
17116.277,17063.59
16587.758,17116.88
16746.564,16512.857
17356.613,16429.154
17395.504,16470.84
17487.854,16810.924
17585.807,17098.588
16449.426,16998.46
17693.363,16721.928
17587.314,16668.373
17097.744,17463.268
17145.732,16531.984
17131.184,16972.906
17728.05,16421.504
17409.225,17037.393
17788.676,17084.28
16914.873,17553.764
17238.6,17733.912
17530.521,17246.21
16998.545,17510.717
17182.46,18485.686
16493.523,16837.285
16921.057,17010.076
16687.885,17601.729
17049.691,17045.912
16682.805,16656.498
17053.209,17421.592
17359.018,16516.05
16874.426,16254.845
17341.424,16831.945
16987.432,17224.604
16628.455,17183.283
17584.44,16409.463
16540.156,17214.828
15928.531,17518.723
17125.225,16571.912
17367.428,16986.158
16981.447,16684.703
16597.291,17192.895
17824.176,16113.461
16408.34,16519.043
16562.844,16502.389
17574.605,17320.469
16775.084,17202.527
16915.547,18575.023
16935.936,16658.932
16965.547,16610.262
16424.434,16697.57
16991.803,16811.123
16606.06,17707.512
17822.701,16441.627
16047.659,16239.563
16168.549,16856.475
17237.281,17363.664
16354.428,17171.773
16030.323,17972.404
16759.08,16530.918
17197.629,17127.346
17613.87,16423.188
17536.863,17381.377
16696.3,17009.916
17679.209,16392.031
16836.52,17584.648
17060.99,17412.578
17297.201,16641.898
17273.16,17163.744
17291.72,17209.848
17167.58,16781.348
16829.793,17576.924
16968.389,17320.22
17647.258,17835.63
17958.248,16879.787
16960.596,17669.158
17603.777,16923.5
16331.325,17080.865
16781.223,17767.783
17686.18,16724.809
16471.715,16203.48
17515.174,17665.6
17274.281,16639.664
17139.758,17111.205
16740.314,16338.951
16324.548,16951.686
17178.71,16479.809
16913.744,17915.973
17802.775,16721.54
16912.658,17327.531
16017.453,17256.502
17978.91,17311.455
17370.928,17100.4
17968.463,16827.053
16687.465,16238.443
16559.867,17150.518
16300.948,16867.094
17258.764,17234.902
17437.799,17542.021
16648.426,16386.682
17282.057,17645.068
17007.945,16883.379
17213.488,16970.555
16235.068,16512.148
16755.828,16381.824
16592.273,16902.178
16932.162,17593.223
16776.129,17619.697
16233.932,17004.234
16532.814,17693.504
17648.164,17735.643
16729.914,16914.938
17975.508,16794.23
17044.258,17863.762
17002.432,17253.55
16877.12,18083.648
17085.05,17581.766
17561.285,16547.373
16115.862,16869.65
16728.643,17112.25
17161.766,17067.031
16543.8,16182.136
17144.195,17258.572
16965.588,16367.152
17212.53,16775.883
17414.94,18065.51
17478.96,16969.488
17451.209,16369.523
17033.266,16949.549
16709.324,17306.322
17204.639,17442.914
16547.197,16503.16
17934.238,16609.3
17719.0,16900.25
17132.389,17612.695
16689.95,16724.83
17213.725,17187.209
17912.29,18061.484
17047.504,17159.28
16748.432,17031.963
16608.314,16488.635
15942.689,17250.941
16782.41,17207.918
16773.203,17318.137
17393.234,15998.497
16601.191,17306.969
17088.7,17231.453
16187.781,16989.262
16366.081,16892.3
17268.15,17192.137
16375.2705,16171.486
16843.95,17523.969
17693.455,17369.043
16489.547,16780.943
17380.094,16700.564
17319.076,16756.39
17051.297,16716.68
16320.866,16735.19
17409.48,16644.234
16675.967,17289.96
16377.937,18101.69
17360.322,16557.666
17026.479,16633.291
16912.094,16851.588
16372.16,16854.092
17692.912,16855.68
17770.807,17414.188
16902.7,17269.244
16568.643,16928.547
17337.287,18144.947
16625.584,17407.787
16715.053,16634.715
16684.75,16752.078
16470.979,16552.965
15887.385,16977.916
17646.459,16670.535
16695.47,16604.047
16638.438,16631.396
16686.48,17112.549
16545.836,16933.908
16477.225,16186.509
17260.654,17240.053
17071.953,17259.605
16858.883,16626.242
17388.486,16100.378
17356.16,17489.541
16410.453,16317.834
17672.322,17649.723
17258.057,16998.459
17235.148,16876.1
16366.125,16861.84
17453.965,16932.84
17115.088,17142.379
16313.871,15880.701
17391.008,17286.879
16720.172,16576.416
17768.893,16618.12
16249.816,16654.54
16580.215,17483.459
17264.814,16902.148
16717.643,16109.941
16392.887,18226.459
16391.285,16436.105
17194.814,16599.838
16119.89,16987.346
17023.344,17259.21
16945.402,17939.846
17350.158,16476.264
17152.404,17315.326
17333.92,16410.83
16988.105,16286.376
17212.992,17469.898
16548.758,17898.883
17049.625,17291.873
17143.682,17053.242
16987.262,16787.22
17481.148,16966.895
16714.084,17413.932
16403.73,16284.013
17807.955,16355.875
17051.982,16564.738
15871.2295,17209.902
17964.725,17868.385
16339.237,17128.764
16570.947,16595.254
16799.336,15975.967
16594.502,17429.07
17087.416,17215.746
17284.633,15404.461
17188.404,16897.373
16214.938,16810.156
16891.627,16452.322
16968.373,16756.123
17244.527,17361.107
15855.975,17170.41
16893.232,17026.291
16969.107,17350.914
18702.322,16570.201
17435.016,16212.197
17917.336,16649.979
16905.703,17427.951
17071.807,16742.709
16752.88,16741.979
16839.072,17343.383
16934.352,16893.043
16032.27,16537.967
16832.406,16545.084
16554.25,16739.855
17156.803,16733.719
17287.047,18042.568
17033.488,16974.414
16799.562,16088.068
17621.275,17527.576
16679.984,16879.383
16231.139,16709.645
17027.025,17570.375
17554.613,17357.959
16945.82,16390.004
17192.79,16680.664
15971.703,16483.219
16529.613,16869.225
17283.72,17254.035
17071.52,17333.629
16526.455,17040.672
16741.818,17326.516
16448.035,17290.537
17257.89,16728.758
16954.777,17238.895
17026.502,16753.855
16660.512,16060.441
17283.322,16468.543
17174.045,16456.66
16133.589,17344.742
17659.66,17229.521
17308.4,16778.55
16700.117,16557.057
16200.259,16324.01
17436.72,17748.229
17325.754,15901.228
16284.112,16480.766
16840.594,16629.66
17069.193,16810.836
17026.291,16850.158
16271.258,16890.018
17346.455,16915.352
17156.316,17006.904
16690.9,17306.826
16982.916,17420.346
17063.887,16616.922
16675.648,17287.385
16395.828,16539.21
16777.79,15992.637
17106.482,17070.27
16605.54,16363.74
17459.29,17160.045
16388.066,16071.825
16987.893,17527.297
15850.191,17218.738
17618.27,17188.04
17223.17,16830.93
15799.754,16621.557
16650.762,17042.281
16814.348,16543.346
16151.186,17221.166
16694.268,16768.445
17103.023,16521.643
17734.037,16271.092
16902.533,16568.486
16977.537,16405.908
17657.654,17754.508
16763.553,16759.15
17843.703,17390.002
16322.683,15696.199
17475.686,15743.088
16094.285,16874.158
17225.486,17583.81
17276.648,17334.701
17512.63,16786.902
16118.359,16906.303
17168.672,17354.115
16955.768,16378.236
17209.857,16846.07
16972.508,16334.816
17276.693,17435.219
16192.374,16639.21
17292.969,16787.74
17305.99,17927.482
17805.904,16298.022
17029.156,16853.178
17581.229,17277.012
17031.035,17179.25
16911.102,16350.49
17218.14,17471.62
16169.098,16734.312
16752.346,15684.279
16629.695,17130.004
16218.57,16519.982
16971.264,17350.197
17371.59,16268.902
17074.188,16833.887
17245.525,18013.576
17023.299,17460.533
16723.129,17144.268
17453.863,17721.934
17149.32,16327.429
17422.674,17012.79
16325.112,17494.104
17572.57,18095.041
15588.912,16675.23
17110.646,17889.51
16496.996,16833.42
17132.469,16389.059
17783.512,16081.313
16964.57,18232.75
16967.627,17082.936
17380.994,17474.209
17766.07,15640.713
16322.767,16713.02
16842.666,17081.781
16613.139,16991.354
17341.018,16849.307
16592.871,16844.121
17425.668,17540.357
16834.145,16928.28
16666.791,16822.34
16144.668,16825.479
16928.844,17017.613
16497.516,17741.49
17138.168,17415.03
16977.371,17061.98
16514.84,17326.98
16465.395,17774.666
16393.559,16542.426
17550.531,17632.967
16820.885,17399.668
16603.895,16081.729
17224.375,16931.158
16730.508,16886.6
17319.79,17679.654
17787.87,18099.672
16497.754,15209.076
16749.037,16611.498
16612.746,16379.407
16540.951,16162.488
17541.465,16569.6
16364.645,17953.756
15711.119,16715.63
17221.355,16801.373
16843.387,16774.088
16952.19,16711.297
16439.865,17230.07
16262.25,16359.9375
17396.002,16686.512
16706.719,17753.816
16583.865,17670.445
16341.214,17162.797
17372.15,16828.412
16276.6455,16380.119
16304.242,17708.527
16587.418,17682.896
15950.744,16899.871
17352.656,16779.76
16384.986,17109.057
17676.594,17107.906
16199.403,17381.564
16446.271,16377.165
16710.766,17336.152
16631.238,16007.399
17603.541,17921.648
16890.914,15891.934
16875.082,16608.213
18173.82,17528.809
16407.426,16651.822
17083.281,16229.128
16342.669,16534.041
16761.055,16708.725
17197.76,16899.623
16715.781,16286.748
16322.234,16738.395
16244.634,16841.262
16261.533,18314.49
16889.672,16937.8
16626.713,16640.709
16743.75,16663.82
16601.777,16567.537
16719.447,16748.785
16798.887,17029.615
16992.781,17021.389
17102.158,15848.95
16795.062,17704.918
16775.838,16482.889
16346.42,17139.934
16105.687,17133.89
15816.687,17166.924
16194.415,16227.605
16256.639,16481.297
16322.96,16982.176
16512.64,17282.361
17502.412,16457.672
17764.143,16046.898
16862.48,17113.922
16750.316,17027.83
16402.848,16994.102
16959.648,17312.865
16851.193,17912.809
16664.934,15902.635
17831.682,16515.74
16614.014,17281.064
16518.014,16933.07
16955.412,17764.34
17378.59,17357.572
15993.4,17268.541
17814.7,16297.508
17369.633,16722.373
17258.701,17810.348
16375.6,16793.666
16947.193,16677.125
15790.232,15656.16
16541.598,16774.525
17196.402,16668.025
16789.525,16885.205
16994.785,16760.34
17569.9,16809.799
17988.6,16165.797
16440.045,17125.49
15931.154,16590.36
16764.85,16622.213
16250.738,16714.332
15754.238,16295.158
17064.234,16998.129
17170.924,17005.549
16889.574,17408.074
16980.377,16752.85
16743.082,16144.391
16415.402,16782.014
17831.887,17222.906
16700.234,16842.965
17692.096,17473.39
17338.418,16324.385
15668.841,17948.932
17554.834,17160.09
16846.178,17078.215
17339.125,16988.322
17005.82,16675.332
16772.809,16843.607
16808.314,17093.936
17645.479,16366.312
17412.186,16863.758
15953.144,17737.049
16514.492,16990.033
17393.139,17863.873
16238.4,16408.773
16857.955,16408.84
15345.762,16880.121
15977.435,16442.613
16813.842,16537.684
18442.457,16490.92
17453.24,16516.215
17276.068,17275.508
16780.059,15691.895
16830.762,17460.281
16268.512,16825.863
17528.27,17499.207
16299.239,17028.875
16388.367,15957.936
15893.832,16668.93
17247.715,16788.904
16769.691,17552.17
17275.932,16725.727
17359.148,18166.361
16415.994,17246.67
16768.84,16791.273
16507.299,17261.07
16073.552,16993.096
17006.191,16440.863
17006.9,16656.941
17222.031,17253.176
16569.727,16660.11
16287.397,16479.564
17114.443,16320.546
16097.998,17168.203
17174.832,16966.812
16665.652,16207.135
16999.727,17689.775
17210.17,16621.945
16564.975,16574.871
16965.16,17603.906
17805.977,16743.43
16591.068,17159.268
16799.145,17164.922
17688.4,16551.297
17473.855,16931.338
17301.525,16379.958
16988.436,15518.257
16919.07,16721.082
16520.002,17189.643
17318.94,17138.809
16353.906,16604.938
16531.383,16491.682
17475.195,16666.648
17026.158,17608.549
16356.216,18199.883
17383.402,17057.719
16567.12,16062.963
16752.924,16800.861
16620.615,16521.111
16238.956,17551.283
16815.291,17253.61
17124.158,16508.223
16569.297,17028.336
16933.285,17169.053
16209.9375,16339.07
17038.18,15577.666
16578.438,16796.332
16560.639,16950.6
17163.56,17119.559
16296.722,16795.514
16986.91,16858.195
16598.287,16835.027
16928.072,16563.459
17009.867,17338.457
17233.541,16486.848
16711.277,16669.22
16483.28,15832.181
16573.344,16846.9
17599.107,16964.607
16114.913,17400.467
16886.76,17030.924
16482.736,16331.605
16452.729,16725.605
16021.871,16758.14
16921.596,17782.1
16866.465,16761.906
16822.6,17055.443
16770.928,17009.414
17332.45,16206.403
16843.717,15816.413
17590.38,17950.133
16767.535,17047.598
16412.682,17560.629
16143.827,16759.455
16755.443,16297.671
16731.18,16093.081
17124.906,16714.924
17005.057,16994.404
16916.002,17111.215
15453.756,17526.543
16948.59,17605.06
16934.375,17293.879
17578.898,16562.262
17053.072,16392.38
16825.072,17663.709
17532.773,16159.2
16321.489,16685.297
16529.797,16590.219
16456.348,17334.559
17616.861,17440.639
16050.353,17204.957
17059.232,17165.498
17117.545,16918.355
17239.312,17663.271
17544.686,16569.566
15494.509,16229.359
16413.29,17686.38
17193.77,17281.992
15687.475,17198.615
17065.428,16660.6
17115.984,17099.752
17249.799,16830.49
17001.49,17030.037
16537.494,17274.336
16143.745,16750.74
16471.65,16524.973
16833.178,17335.16
17426.639,16455.967
16181.82,17862.084
16020.293,17298.25
17245.709,16799.32
16636.242,17821.91
16466.945,16306.072
15878.71,16141.655
16762.514,16535.482
15943.6,16936.988
15957.93,16819.383
16604.05,16122.379
16722.533,16873.799
16738.729,16669.795
15782.426,17135.262
16942.852,16834.434
16936.844,16796.922
17238.117,17346.004
18233.879,16979.746
16516.79,16620.545
16445.299,16596.805
16562.018,16439.828
17271.646,15909.486
16459.074,16372.27
17359.492,16797.379
17659.83,16793.877
16397.664,17203.973
16737.44,16703.262
17619.031,17853.871
16521.383,15968.15
16539.17,16630.018
16346.31,17170.244
17102.566,17552.795
16868.777,16612.73
16319.346,17037.754
16870.15,17051.732
16382.132,16835.89
16655.07,16742.62
16692.432,16707.8
16609.795,16345.367
16958.137,16889.945
17264.848,16090.503
15682.046,16651.814
16301.713,17039.758
15892.719,17082.068
17789.17,16269.355
16562.512,17061.283
16785.902,16368.783
16311.392,17175.652
16641.512,16525.576
17475.826,16617.055
15915.927,16768.053
17627.22,16224.817
17283.488,16892.432
17154.574,16440.879
16711.309,16746.535
16465.395,16777.434
16705.018,17353.154
16106.527,17080.732
16325.706,16540.342
17670.332,16955.572
17231.488,17342.191
17923.084,17444.58
17120.887,16896.797
16894.467,16460.113
15764.726,16680.85
17392.318,17940.488
17384.629,17707.555
17483.941,16837.99
16197.356,16094.142
17554.715,17096.775
17080.584,16763.006
17336.268,17217.373
16542.791,16720.105
16589.658,16303.604
17046.314,16787.695
17190.203,16338.647
17738.21,16811.887
16624.143,16241.972
16578.777,16253.594
16238.048,17287.15
16280.342,17847.658
17319.652,17655.316
16388.535,16934.531
17378.748,16606.156
16697.857,15925.021
15706.086,17377.816
15880.31,17089.328
17273.195,16487.107
15854.024,16723.96
16515.025,16782.406
16503.068,17442.045
16764.457,17447.95
17449.62,17528.447
16575.67,16039.507
15930.741,16233.865
17100.422,17047.184
16669.021,16503.959
16373.852,16862.748
16978.418,16177.014
15951.545,17600.172
16664.604,16650.441
16286.593,16773.846
16973.633,16715.27
16113.517,16234.684
17547.447,17638.434
17107.967,17134.668
16352.816,16854.457
17032.393,16514.35
17627.63,17153.705
17029.0,16519.443
17997.92,17053.361
16858.693,16077.863
17067.676,17657.404
17986.605,17367.143
17069.963,17742.72
15506.748,16875.316
17062.33,16566.477
17685.725,17613.805
16324.582,16758.945
17070.742,17316.557
16780.182,16685.066
16695.842,17175.184
16656.008,17740.025
16973.018,16569.863
16144.927,16448.246
16799.957,16376.018
16594.496,16278.656
16418.682,17306.74
16051.065,16756.936
16430.693,16755.506
17478.05,17318.236
16011.731,16958.104
16621.404,17397.541
16456.1,16930.87
16339.096,15986.27
16558.207,17044.799
16319.639,17140.693
16300.282,16571.186
16840.613,16620.271
16785.852,16567.822
16294.586,17018.8
17094.836,16682.527
16867.633,15748.121
17160.148,17427.72
16763.033,16239.451
16222.832,16995.098
16702.926,17167.926
16793.656,17148.826
16804.396,16137.011
16806.992,15833.6875
16278.815,17430.05
16576.01,16477.32
16645.32,17303.941
16590.209,17211.062
17420.05,16000.438
17473.21,16611.43
16485.125,17311.277
16302.545,15974.741
16633.164,15222.9795
16867.787,15725.803
16129.463,16732.39
16215.467,16669.855
16581.293,16606.584
17269.08,18088.36
15192.634,17596.664
17816.979,16484.08
17031.434,16786.824
16852.867,16252.987
16995.205,16598.94
16155.731,16810.035
16502.844,16598.0
16701.48,17254.947
16738.469,16655.361
16487.494,15507.02
18125.078,16369.077
17716.852,16632.248
16311.285,17800.34
16172.249,17488.758
15780.025,17402.71
16988.658,16626.217
17068.766,16593.996
16837.21,16321.856
16117.269,15505.893
16967.416,17025.652
16223.271,17107.662
16591.336,17147.398
17051.045,15182.448
16385.14,16355.173
17460.404,16367.436
17834.81,16744.262
17138.875,16009.7
17566.691,16058.423
15943.1,17140.633
17086.965,16916.281
17155.488,17040.145
16848.691,16670.932
16189.539,16796.75
17367.588,16949.02
16430.666,16074.868
16756.74,16798.822
17229.248,15907.8125
16671.824,17501.309
16232.208,15721.108
16262.575,17046.52
17335.05,16255.256
17274.996,17858.514
16811.416,16772.688
16458.139,16106.341
17337.172,17025.895
16836.254,16930.553
16561.504,15892.51
16879.031,17048.969
17013.0,17293.17
17017.895,17503.541
17143.43,17489.547
16887.191,16582.955
15939.897,16401.72
16322.411,15769.906
16129.499,16361.926
16206.484,17193.74
16540.357,17078.938
16774.738,16389.28
17137.896,17575.04
16675.637,16866.354
15971.701,17294.201
16300.846,17087.4
16981.508,16398.916
16327.452,17404.402
16793.707,17779.312
16365.173,17602.553
16490.633,16571.227
15393.042,17655.824
16715.537,16886.818
17109.783,17123.805
16913.947,16378.472
16172.51,17252.357
16209.351,17178.35
16958.45,16691.736
17177.326,17442.277
17317.12,16794.64
17138.027,17324.898
16701.133,16801.732
16695.059,16673.404
16461.684,16359.996
16946.684,16552.162
17320.375,16742.254
16840.656,17192.47
17015.193,16674.99
16367.906,15886.683
17120.207,17454.549
17245.053,16568.432
16460.639,16232.812
16663.322,16549.58
16838.506,17467.1
16712.291,16685.053
16622.537,16970.656
16387.686,17156.03
17187.242,17106.123
17031.781,15814.922
16379.651,15962.075
16504.31,16631.883
15701.801,17604.742
15691.012,15692.267
17740.5,17836.994
16859.137,16785.25
16579.117,16929.473
17524.035,17622.096
15426.879,16694.178
16476.652,17415.607
16690.826,16654.75
17308.752,16287.242
17225.969,17690.492
16186.425,16011.169
17347.537,16559.035
17073.324,16827.918
17166.445,16627.85
16623.11,16722.438
16731.238,15738.199
16358.011,17397.094
16434.857,16748.807
16808.574,16810.215
17160.611,17343.219
16549.027,16849.77
17036.225,16233.321
17168.066,17144.996
16331.394,17046.71
16615.354,17295.027
16368.764,15980.753
16797.176,16628.254
17628.39,16150.614
17489.328,16987.21
16463.885,17134.404
16755.572,16099.577
16299.948,17000.254
16564.285,17501.67
16769.416,16436.06
16459.93,15817.2295
15836.36,16727.736
15925.404,16268.804
17571.834,15669.189
17238.602,16629.215
16190.428,16276.816
16063.771,17110.418
16723.63,15873.443
16252.615,17384.531
17461.088,17329.703
15814.321,17261.514
17529.525,17085.416
16920.39,17542.268
16566.578,17293.217
17479.11,17417.941
17027.318,16948.512
16573.295,16383.823
16032.444,16730.871
16836.918,17075.127
16912.09,16341.258
15291.385,15547.349
16946.271,17196.523
17213.566,16674.006
16543.826,16087.667
17054.55,16650.39
16790.914,17015.113
16727.06,16945.217
16445.75,16938.525
16913.6,16368.552
17969.943,17975.672
17495.75,17398.344
16332.872,16702.867
16754.033,16453.15
16603.738,16841.83
15992.024,17236.057
16615.178,16814.975
16282.901,17107.178
17514.848,16304.866
17969.145,17046.793
16912.494,16295.105
16516.605,16810.775
17993.74,16529.896
16089.654,16818.773
15963.982,16433.611
16775.133,17278.426
16343.912,16244.277
17515.457,16794.121
16998.072,15894.43
15869.635,16493.186
16468.395,16588.932
16590.701,16944.217
16676.988,18060.896
16390.293,17001.107
17206.775,17341.826
16990.516,17213.8
16932.19,16864.965
16728.748,15813.927
17256.338,16750.26
16833.83,17197.076
17426.037,16752.826
16763.266,16442.125
16629.186,16994.115
16717.55,16213.282
16714.93,16630.328
16307.328,16873.445
16509.027,16593.156
16674.12,16772.352
17337.639,17204.4
17890.955,17386.049
16465.053,17027.77
17002.117,16745.908
16131.309,16948.291
16040.859,17113.752
17763.47,17232.4
16483.75,15842.184
17117.18,17380.143
15834.873,17628.936
17042.986,16681.72
16943.857,16943.557
16347.332,16123.872
16258.791,17476.33
16584.02,17156.824
16919.201,16759.762
15282.107,16332.762
15970.099,16867.72
17442.582,16234.114
16908.344,16426.594
16174.788,15927.886
16688.867,16422.365
16102.403,16491.844
15833.39,16428.816
16059.665,16586.04
16719.576,16606.613
16476.623,15652.797
16326.987,16923.307
17246.55,17648.48
16968.744,17350.82
16710.453,16418.266
16012.565,16808.21
16819.19,17245.55
16810.502,15928.082
16749.457,17136.537
16542.863,17215.498
17310.73,16579.92
17599.695,16720.229
16780.395,16724.748
17232.84,17211.812
17492.053,17024.309
16957.709,16351.22
16781.14,16710.807
16825.113,17178.467
16694.004,16521.203
16849.209,16590.12
16964.043,16599.123
15762.701,16419.14
17379.387,16119.011
16540.627,17605.914
17288.752,16911.326
16477.924,17176.201
16760.938,16299.997
16629.31,16140.561
16418.746,17214.898
15620.313,17242.29
16061.893,17731.89
17812.15,16282.824
16558.52,16407.41
15642.484,16674.172
17047.082,16420.166
16410.102,16980.648
16200.972,17591.908
16585.588,16724.85
17360.635,17019.215
17260.68,17107.814
16159.494,16747.004
17811.148,17294.809
17284.873,17362.291
18052.941,16989.95
16314.8545,16913.08
17543.287,16602.383
16810.459,17059.613
17937.86,16537.197
16180.293,16805.16
17052.61,16198.913
16081.504,15428.577
17073.014,16777.982
16974.666,16989.4
16748.266,15843.246
17399.787,17132.389
17247.393,15752.955
16833.12,16223.17
16823.219,16249.133
17373.656,16207.364
17017.885,16644.465
16454.613,16593.537
16229.095,17498.559
16352.081,16443.475
16634.35,16375.211
17133.74,17117.178
17246.34,16921.494
15922.995,17143.13
17151.545,16028.1045
16921.312,17652.344
15293.329,17570.938
16787.814,18124.992
16461.463,16405.266
17009.496,15873.854
16878.404,16782.082
16625.219,17606.514
16469.086,16184.443
16864.355,17097.637
17091.96,17443.467
16188.3125,16463.91
16633.03,16988.559
16754.412,16471.28
17115.447,16125.095
16925.895,16695.715
15948.269,16369.494
16658.64,17277.541
16530.146,17366.186
16877.344,17445.387
16403.15,16671.744
16082.436,17137.766
16104.974,15965.447
16369.367,16869.516
16569.045,16078.085
17199.5,16407.713
16900.646,15670.25
16725.984,17067.326
16806.055,16596.375
16468.191,16125.369
16094.762,17480.693
16190.313,16294.622
15964.909,17499.168
16700.572,16798.186
16340.296,17086.676
16505.348,17012.73
16836.176,15854.291
15869.294,16434.828
16063.968,16470.205
16736.826,17415.861
16752.873,17372.492
16448.736,16573.156
16855.709,16458.111
16582.176,16606.41
16195.305,17127.209
17665.139,16544.69
16974.299,17105.217
16255.22,16936.475
16430.957,15448.655
16664.918,17434.494
16315.138,17421.08
16787.156,16192.77
16942.447,16868.008
17485.734,17399.695
16453.158,17378.674
16622.014,17134.037
16210.328,17025.393
16600.465,17085.377
16771.28,16394.707
16910.645,16718.816
16880.914,16460.807
16531.72,17402.895
16925.488,17919.594
17294.008,16930.473
16946.414,16476.459
16584.14,16658.44
16716.729,16489.273
16571.242,16804.473
17136.389,17410.57
17213.398,15853.462
16806.404,17417.646
17058.408,16179.058
15900.398,16839.027
16513.367,16742.201
15989.242,16238.538
17703.398,15927.335
17519.475,16413.893
16363.67,16003.848
15806.771,17024.389
16569.764,16110.41
16411.818,16826.906
16539.842,16885.957
17407.97,16899.223
16577.281,16704.73
16446.426,16418.436
16682.363,16137.362
16682.18,16524.422
16879.543,16723.076
17095.832,17241.03
16171.995,17845.889
17252.309,16312.236
15863.707,16143.1
16954.533,16589.57
16683.746,17659.973
16411.148,17504.885
15955.871,16563.82
16079.212,16646.39
16161.463,16960.92
16313.994,16327.635
17221.06,16248.526
16547.79,16154.968
17528.47,16631.447
16947.383,16241.004
17081.184,16708.775
16505.354,16668.441
16500.129,17662.166
16905.174,16864.352
17626.727,16184.383
16864.846,16573.37
17287.361,16647.344
16492.834,17000.031
16051.051,16764.182
16593.441,17629.496
16411.033,17729.752
17336.885,17936.84
16418.148,16393.342
17006.107,16069.24
16557.938,17314.1
16428.887,16911.988
16238.946,16690.195
16460.545,16438.188
16408.178,16670.852
16140.841,16781.63
15611.174,16581.773
16813.096,16339.114
16041.633,16568.139
16376.541,17527.846
16662.48,17024.514
16785.773,15531.387
16986.959,16315.687
17155.56,17631.28
16330.081,16760.973
16720.906,16196.8125
17172.256,16762.814
16802.05,17426.352
16209.464,17050.928
16144.299,16821.87
16639.44,16748.77
16771.895,16351.665
16491.648,16917.174
16235.397,16653.193
15490.905,16757.412
16426.258,16116.433
17730.95,16477.125
17248.244,16220.263
17229.479,16271.733
16796.676,16213.831
16813.652,17292.635
17333.146,17153.906
16723.73,16033.053
16910.809,16758.266
18317.357,17073.877
15461.2,16639.053
17499.86,16290.095
16515.09,16647.688
17450.445,17351.662
16977.924,16785.297
17363.332,17082.861
16097.873,16789.531
16076.056,16475.621
15768.314,16279.605
15871.023,16925.79
15841.499,16085.204
15895.331,15917.338
16733.363,15943.706
15746.667,15400.951
17028.232,16693.96
16137.888,16628.557
16804.973,16347.926
16196.791,16011.841
17366.822,16733.572
17056.363,17424.637
16739.885,16306.156
15911.255,16578.21
16380.578,16890.611
17352.988,17535.668
16003.263,16344.333
15961.702,17443.9
16891.207,16988.4
17528.068,17263.268
17371.566,16119.07
17555.01,17011.67
16525.934,17543.332
16204.419,16198.028
16898.072,16606.055
16985.03,17229.848
17074.104,16490.217
15817.595,16263.194
17552.32,17424.637
16584.326,16908.988
17481.95,16510.64
16303.559,16227.381
16343.97,15827.778
16332.631,16161.881
16592.07,16310.492
17129.775,16796.695
17685.16,17475.938
16918.818,16633.422
16368.546,17496.295
15649.859,15650.68
17291.557,15938.064
18100.04,16832.46
17135.14,16437.19
17137.068,16633.168
16834.748,15617.741
15579.112,16649.586
16861.994,17282.568
16552.4,15844.459
15387.876,17202.447
16767.537,16226.908
15810.616,17302.885
16883.809,16398.488
17046.37,16311.201
16007.69,16279.366
16595.438,16557.791
17237.115,16807.15
16699.463,16814.588
16379.168,16351.016
16812.633,17218.537
17446.98,16874.123
17240.303,17741.66
16096.094,16600.43
16338.304,16447.264
16410.445,16409.922
17004.668,16813.088
16233.332,16703.57
16301.837,16222.689
16854.902,15991.617
16741.24,16330.165
16846.31,17109.32
15818.257,16516.857
17720.465,17232.428
16432.807,16444.697
17495.549,17105.562
16823.887,16859.238
16470.502,17138.31
17244.59,16951.42
15505.684,17012.389
16804.344,16401.414
16476.242,16683.79
16856.71,15983.426
16540.416,15767.737
16917.17,17047.55
16766.475,17113.465
17220.844,16496.484
16620.816,17045.83
16724.62,16170.524
16280.139,18053.902
17050.062,17508.943
16011.081,16546.9
17225.1,16244.044
17385.932,16070.488
17058.668,16821.762
16262.521,16748.875
17617.154,16132.771
17312.484,16915.852
17153.877,17356.998
16659.863,16524.227
15917.388,16020.636
16840.615,16902.121
16065.457,16270.278
15848.765,16426.084
16292.943,17305.035
16100.819,16845.629
16982.97,17773.885
16774.658,16765.293
16115.011,16024.777
16731.148,16435.947
15998.312,16757.572
16829.566,16901.338
17269.97,15789.417
17279.781,17058.03
16569.227,17415.426
16164.186,16245.846
16869.281,16563.031
16077.381,17365.879
16681.215,16534.424
15928.521,16806.188
16264.642,16000.344
16465.219,16137.175
16677.885,17433.447
16767.516,16928.598
16905.756,16908.291
16911.104,17093.73
16386.268,17465.734
17338.26,16407.432
16311.268,16819.236
16530.086,16783.578
15931.511,17166.309
16185.659,16875.164
16336.999,17014.855
16956.842,16178.505
17094.355,17739.496
16569.049,16423.764
17393.037,15977.466
16595.006,17480.521
16716.908,16728.32
15066.126,16421.703
16788.059,16990.348
17073.592,15967.975
15971.469,16985.225
16656.139,16608.158
16263.748,16247.575
16662.426,17138.219
16169.486,15552.595
15799.878,16965.604
17233.916,16297.108
16378.813,17317.252
16406.037,18151.03
16929.986,18005.506
17528.742,16061.104
16969.314,16416.26
16866.305,16677.416
16622.05,17051.803
17451.188,17429.121
17070.154,16379.589
15974.636,16287.926
16680.512,16938.98
16641.291,16908.064
16924.002,16792.41
15911.154,16085.91
16833.488,17471.297
16206.82,16680.988
16947.799,17132.084
15390.029,16306.379
15857.508,16882.838
16462.344,16743.443
16426.928,17197.896
16771.562,17002.01
16752.795,16849.975
16479.91,15664.967
17208.705,16427.377
15741.055,16297.946
17191.48,16216.339
17630.16,16941.63
16131.843,16341.273
15375.752,15689.314
16734.559,18202.232
16729.422,16277.133
16743.377,16449.307
15923.327,16626.203
16855.914,17236.645
17200.393,17217.164
15542.746,16159.713
16057.014,17104.68
16759.38,17224.94
17152.559,16455.408
15752.479,17248.256
16963.682,15921.396
17587.203,15639.211
16871.984,16266.0
17216.293,17029.564
17304.379,17237.975
16020.817,16048.579
17307.031,17114.467
16492.316,17311.102
16169.653,16873.572
16288.312,15881.321
16610.992,16988.283
16309.77,16936.598
16679.031,17046.318
17191.896,15796.606
16495.186,15935.959
16594.336,17336.379
16232.699,16525.074
15214.287,17056.143
16951.648,16845.47
16521.16,16685.01
16389.48,16717.576
16949.713,16265.48
16653.77,15899.322
16124.119,16477.678
17246.213,16279.554
15371.676,17360.938
15838.591,16531.48
16994.094,17175.191
16908.264,17038.54
16332.133,16843.299
16594.93,16695.926
16984.102,16734.617
16276.74,16160.011
15666.395,16644.977
16987.74,16455.55
16075.261,15994.578
16590.9,16788.568
15834.183,17361.61
16011.221,16152.921
16842.541,17507.078
16406.164,17291.018
16191.703,16999.1
16873.414,16021.732
17259.75,16833.49
16876.758,16703.258
16050.2295,17142.36
16548.117,17334.443
17185.004,16222.051
16535.148,16316.571
16614.922,17665.291
16146.79,16704.703
17303.074,16955.049
17431.658,16960.318
17724.922,16577.771
16912.04,16233.836
16035.662,16836.438
17148.838,16389.826
16701.207,17543.588
16705.525,16836.223
16371.09,16953.846
17150.434,17043.896
16901.646,16609.094
17344.3,17244.895
16447.152,16971.816
16994.977,17133.225
16644.002,16120.882
16706.852,16680.117
17356.578,17166.266
16120.629,16083.761
16384.398,16693.812
16203.853,16878.334
16838.955,16377.588
16786.375,16262.323
16343.36,16044.509
17164.12,17052.547
15550.242,15989.384
16253.447,16386.936
16362.029,17494.664
17192.293,16100.901
17161.775,16659.475
16288.853,17227.207
16049.701,17639.516
16613.885,16994.805
16533.639,17143.584
17094.857,17876.637
15986.143,17400.828
15968.999,16431.42
16676.898,16539.861
16162.769,16367.161
16185.755,16219.28
16611.514,16158.315
16754.73,16248.444
17353.996,17045.121
16589.34,16835.121
15806.847,16439.525
16299.398,16406.994
17302.596,16657.887
16831.143,16356.914
16256.496,17203.027
17006.717,16447.97
16165.63,17405.262
16396.543,17186.502
16882.66,15960.242
16739.283,16181.081
16607.85,16917.904
15630.51,15870.053
16961.912,16935.043
16564.56,17107.234
16365.646,16950.207
16201.14,16934.705
16322.914,16237.185
16879.846,17034.32
17162.02,17065.977
16477.906,17041.916
17433.59,16344.275
15697.222,15571.2295
17296.078,15739.788
16567.055,16457.77
16716.816,16711.846
15643.234,16960.004
17393.312,16175.037
15850.542,17057.184
17761.637,15799.138
16539.508,17264.824
15639.655,17137.764
16158.862,17604.72
17716.3,16715.295
17608.47,17138.059
16287.746,17268.926
16995.297,16146.5
16885.494,16648.842
16492.137,17155.562
17074.746,16770.14
15528.514,17869.906
16207.272,15463.44
16862.174,16502.494
16376.993,16219.249
16232.125,16471.203
16959.375,16749.855
16758.154,17122.775
16540.416,17028.25
16907.34,17805.844
16417.771,16920.977
16614.059,16138.752
16364.509,16569.61
17021.87,17019.473
16237.323,15966.414
17958.305,16950.996
16680.053,17195.004
16453.98,16995.781
17558.945,16084.359
16724.475,16316.254
16790.338,16372.942
16769.67,16053.922
16037.642,15714.059
16216.173,16264.567
16691.719,16373.817
16135.901,16767.482
15728.334,15770.428
16242.972,16760.705
16045.986,16811.885
16673.572,16769.87
16362.54,16362.807
16191.498,15951.979
16504.709,16776.893
17182.162,17897.225
17807.75,16928.492
16345.668,16800.674
16313.783,16721.016
16414.756,16725.785
16461.1,17977.467
16192.359,16204.911
16425.984,16097.055
16740.06,17379.688
16906.934,16590.426
16355.705,16583.512
16199.449,16835.078
15923.925,16434.844
17121.445,17091.934
16306.568,17111.291
17282.768,16413.512
17323.715,16125.84
16898.797,16280.581
17620.373,17023.58
17101.562,16765.168
16105.305,17013.041
17307.096,16907.512
17070.336,17343.385
16734.643,15866.165
17072.795,16772.355
17186.963,16522.557
17375.092,16920.38
16779.092,16359.309
16301.965,15833.368
16296.453,16403.56
16316.828,17577.393
16368.113,17050.324
16530.482,15942.852
17350.967,17383.05
16676.58,17168.277
16264.008,16768.922
15817.057,17268.219
15836.163,16526.008
17349.287,16540.953
16334.384,18051.43
17258.207,16762.863
16612.43,17268.674
16235.936,16936.662
16710.896,16243.445
15298.051,17169.775
16008.769,16373.02
17442.916,16619.31
15724.704,16584.99
17139.54,15482.55
16445.121,16409.867
16195.501,16399.59
16693.129,17032.195
17475.543,16679.57
16042.399,17028.096
16089.084,16726.781
16054.35,16663.834
16356.219,16329.078
16923.41,16636.635
17621.914,16939.588
16435.477,17417.707
17003.684,17510.092
16374.476,16106.63
15887.482,16995.36
16881.844,17282.49
16620.96,16308.638
15236.396,16674.33
16488.19,15990.049
16857.238,16602.41
17063.512,16953.22
16040.945,16399.281
16491.502,16180.42
16853.611,17503.215
17046.68,16908.61
16970.81,16512.305
17016.115,16628.955
16213.137,15485.211
17143.402,16561.012
15671.932,17033.111
16027.777,16306.135
16089.398,16512.484
15861.265,16570.865
17056.912,16478.293
17287.363,16350.394
17334.96,17225.945
16074.2705,17404.477
16861.941,16592.176
16381.923,16807.018
16373.411,15605.367
16906.72,16866.072
16540.904,17857.47
16559.611,16342.048
15931.164,16761.686
15619.303,16451.836
17018.785,16480.781
15345.961,16513.596
15773.631,16506.754
17299.475,16555.1
15886.648,16844.467
15956.935,17699.977
16713.88,16441.23
16688.58,16412.484
16752.248,17006.01
15956.7705,16635.783
15890.097,16278.918
15537.1455,16527.648
16254.413,16411.04
15847.9,17064.176
17313.215,16837.66
17384.256,16516.312
16523.014,16270.358
17241.562,15924.467
16779.299,17031.94
16392.086,16191.342
17325.436,16742.021
16316.063,16984.607
16710.43,17059.88
16510.262,17446.271
17656.184,16743.848
16216.087,17660.61
16947.535,16089.6455
16438.719,16887.104
17184.238,16841.576
